{
    "avg_error_rate": 0.13588996174166515,
    "perfect_strand": 260,
    "ref_avg_error_rate": 0.11808161778101653,
    "ref_perfect_strand": 332,
    "avg_pos_error_rate_dif": 0.01957551466569502
}