{
    "avg_error_rate": 0.13588996174166515,
    "perfect_strand": 260,
    "pos_error_rate": [
        0.002004008016032064,
        0.011022044088176353,
        0.014028056112224449,
        0.023046092184368736,
        0.022044088176352707,
        0.03406813627254509,
        0.033066132264529056,
        0.04208416833667335,
        0.04809619238476954,
        0.05110220440881764,
        0.056112224448897796,
        0.06412825651302605,
        0.06312625250501001,
        0.06813627254509018,
        0.0781563126252505,
        0.06913827655310621,
        0.08216432865731463,
        0.08517034068136273,
        0.0841683366733467,
        0.09318637274549098,
        0.09719438877755511,
        0.09519038076152304,
        0.10120240480961924,
        0.09418837675350701,
        0.10821643286573146,
        0.11723446893787576,
        0.1092184368737475,
        0.11322645290581163,
        0.11923847695390781,
        0.12925851703406813,
        0.13326653306613226,
        0.12224448897795591,
        0.14228456913827656,
        0.14128256513026052,
        0.1402805611222445,
        0.14729458917835672,
        0.15030060120240482,
        0.14529058116232466,
        0.15731462925851702,
        0.15130260521042085,
        0.16032064128256512,
        0.16432865731462926,
        0.17234468937875752,
        0.17735470941883769,
        0.1843687374749499,
        0.18236472945891782,
        0.18637274549098196,
        0.19739478957915832,
        0.20340681362725452,
        0.19939879759519039,
        0.22244488977955912,
        0.21943887775551102,
        0.2124248496993988,
        0.22144288577154309,
        0.2965931863727455,
        0.2905811623246493,
        0.2865731462925852,
        0.2895791583166333,
        0.28857715430861725,
        0.2725450901803607,
        0.2905811623246493,
        0.2725450901803607,
        0.2745490981963928,
        0.2575150300601202,
        0.24849699398797595,
        0.25250501002004005,
        0.23446893787575152,
        0.22645290581162325,
        0.22945891783567135,
        0.218436873747495,
        0.20541082164328658,
        0.20340681362725452,
        0.19739478957915832,
        0.20541082164328658,
        0.19238476953907815,
        0.20140280561122245,
        0.18036072144288579,
        0.18236472945891782,
        0.16032064128256512,
        0.16332665330661322,
        0.16733466933867736,
        0.15831663326653306,
        0.1492985971943888,
        0.15731462925851702,
        0.15030060120240482,
        0.1432865731462926,
        0.13927855711422846,
        0.13927855711422846,
        0.12124248496993988,
        0.10420841683366733,
        0.10420841683366733,
        0.09519038076152304,
        0.09318637274549098,
        0.0871743486973948,
        0.08517034068136273,
        0.07414829659318638,
        0.08517034068136273,
        0.06913827655310621,
        0.07214428857715431,
        0.05110220440881764,
        0.05410821643286573,
        0.06312625250501001,
        0.041082164328657314,
        0.04809619238476954,
        0.03006012024048096,
        0.033066132264529056,
        0.028056112224448898,
        0.018036072144288578,
        0.014028056112224449,
        0.008016032064128256
    ]
}