{
    "avg_error_rate": 0.12415740572053197,
    "perfect_strand": 337,
    "pos_error_rate": [
        0.00501002004008016,
        0.011022044088176353,
        0.011022044088176353,
        0.021042084168336674,
        0.033066132264529056,
        0.031062124248496994,
        0.03206412825651302,
        0.04008016032064128,
        0.04909819639278557,
        0.04008016032064128,
        0.05410821643286573,
        0.052104208416833664,
        0.06412825651302605,
        0.06813627254509018,
        0.061122244488977955,
        0.07014028056112225,
        0.08316633266533066,
        0.0781563126252505,
        0.08917835671342686,
        0.08817635270541083,
        0.08917835671342686,
        0.08517034068136273,
        0.08316633266533066,
        0.09118236472945891,
        0.10721442885771543,
        0.10420841683366733,
        0.11422845691382766,
        0.11322645290581163,
        0.11022044088176353,
        0.12024048096192384,
        0.12925851703406813,
        0.13026052104208416,
        0.13226452905811623,
        0.14729458917835672,
        0.1462925851703407,
        0.1402805611222445,
        0.15130260521042085,
        0.14829659318637275,
        0.1523046092184369,
        0.15831663326653306,
        0.16332665330661322,
        0.1623246492985972,
        0.1683366733466934,
        0.1713426853707415,
        0.18336673346693386,
        0.18236472945891782,
        0.18837675350701402,
        0.1843687374749499,
        0.187374749498998,
        0.18336673346693386,
        0.19438877755511022,
        0.2154308617234469,
        0.187374749498998,
        0.19939879759519039,
        0.26753507014028055,
        0.24549098196392785,
        0.24949899799599198,
        0.25851703406813625,
        0.23847695390781562,
        0.24549098196392785,
        0.22545090180360722,
        0.24649298597194388,
        0.2374749498997996,
        0.22244488977955912,
        0.22244488977955912,
        0.22044088176352705,
        0.2094188376753507,
        0.20240480961923848,
        0.20340681362725452,
        0.1843687374749499,
        0.19438877755511022,
        0.19138276553106212,
        0.187374749498998,
        0.18937875751503006,
        0.17535070140280562,
        0.1683366733466934,
        0.1713426853707415,
        0.1492985971943888,
        0.15130260521042085,
        0.1432865731462926,
        0.14829659318637275,
        0.13026052104208416,
        0.13326653306613226,
        0.12725450901803606,
        0.1282565130260521,
        0.11422845691382766,
        0.12424849699398798,
        0.11523046092184369,
        0.10320641282565131,
        0.09619238476953908,
        0.09418837675350701,
        0.08817635270541083,
        0.08216432865731463,
        0.0841683366733467,
        0.07915831663326653,
        0.06813627254509018,
        0.07214428857715431,
        0.06412825651302605,
        0.056112224448897796,
        0.050100200400801605,
        0.052104208416833664,
        0.04809619238476954,
        0.04609218436873747,
        0.03206412825651302,
        0.031062124248496994,
        0.021042084168336674,
        0.022044088176352707,
        0.01603206412825651,
        0.01002004008016032,
        0.012024048096192385
    ]
}