{
    "avg_error_rate": 0.12415740572053197,
    "perfect_strand": 337,
    "ref_avg_error_rate": 0.11808161778101653,
    "ref_perfect_strand": 332,
    "avg_pos_error_rate_dif": 0.010429950810712333
}