{
    "avg_error_rate": 0.7498906904718529,
    "perfect_strand": 0,
    "ref_avg_error_rate": 0.11808161778101653,
    "ref_perfect_strand": 332,
    "avg_pos_error_rate_dif": 0.6318090726908361
}