{
    "avg_error_rate": 0.7498906904718529,
    "perfect_strand": 0,
    "pos_error_rate": [
        0.7765531062124249,
        0.7364729458917836,
        0.7444889779559118,
        0.7525050100200401,
        0.7344689378757515,
        0.7334669338677354,
        0.7575150300601202,
        0.7354709418837675,
        0.7474949899799599,
        0.7735470941883767,
        0.7705410821643287,
        0.7384769539078156,
        0.7675350701402806,
        0.7665330661322646,
        0.7535070140280561,
        0.749498997995992,
        0.7645290581162325,
        0.7545090180360722,
        0.7454909819639278,
        0.7124248496993988,
        0.7314629258517034,
        0.7555110220440882,
        0.749498997995992,
        0.7414829659318637,
        0.7364729458917836,
        0.7555110220440882,
        0.7384769539078156,
        0.7454909819639278,
        0.7715430861723447,
        0.7535070140280561,
        0.7595190380761523,
        0.7394789579158316,
        0.7605210420841684,
        0.7605210420841684,
        0.7404809619238477,
        0.7274549098196392,
        0.7675350701402806,
        0.751503006012024,
        0.7454909819639278,
        0.7635270541082164,
        0.7535070140280561,
        0.7615230460921844,
        0.7545090180360722,
        0.7535070140280561,
        0.7525050100200401,
        0.7424849699398798,
        0.7344689378757515,
        0.7565130260521042,
        0.7394789579158316,
        0.7394789579158316,
        0.7244488977955912,
        0.749498997995992,
        0.7635270541082164,
        0.7675350701402806,
        0.7444889779559118,
        0.7464929859719439,
        0.7635270541082164,
        0.7525050100200401,
        0.7675350701402806,
        0.7525050100200401,
        0.7635270541082164,
        0.7354709418837675,
        0.750501002004008,
        0.7414829659318637,
        0.7314629258517034,
        0.7434869739478958,
        0.7695390781563126,
        0.7444889779559118,
        0.7555110220440882,
        0.7454909819639278,
        0.7555110220440882,
        0.7334669338677354,
        0.7424849699398798,
        0.7374749498997996,
        0.7585170340681363,
        0.7655310621242485,
        0.7545090180360722,
        0.7525050100200401,
        0.7464929859719439,
        0.7555110220440882,
        0.7535070140280561,
        0.7154308617234469,
        0.7314629258517034,
        0.7404809619238477,
        0.7635270541082164,
        0.7665330661322646,
        0.7384769539078156,
        0.7615230460921844,
        0.7785571142284569,
        0.7565130260521042,
        0.7454909819639278,
        0.7725450901803608,
        0.7555110220440882,
        0.7665330661322646,
        0.7535070140280561,
        0.7444889779559118,
        0.7224448897795591,
        0.7915831663326653,
        0.7474949899799599,
        0.7454909819639278,
        0.7454909819639278,
        0.7274549098196392,
        0.7474949899799599,
        0.7545090180360722,
        0.7434869739478958,
        0.7244488977955912,
        0.751503006012024,
        0.7655310621242485,
        0.7254509018036072,
        0.7384769539078156
    ]
}