{
    "avg_error_rate": 0.13835853525232283,
    "perfect_strand": 289,
    "pos_error_rate": [
        0.0070140280561122245,
        0.012024048096192385,
        0.014028056112224449,
        0.018036072144288578,
        0.02905811623246493,
        0.036072144288577156,
        0.03406813627254509,
        0.04408817635270541,
        0.050100200400801605,
        0.05110220440881764,
        0.05911823647294589,
        0.07114228456913828,
        0.06713426853707415,
        0.07214428857715431,
        0.07214428857715431,
        0.07515030060120241,
        0.08016032064128256,
        0.08817635270541083,
        0.09519038076152304,
        0.09719438877755511,
        0.10220440881763528,
        0.10120240480961924,
        0.12124248496993988,
        0.11322645290581163,
        0.13026052104208416,
        0.13326653306613226,
        0.1282565130260521,
        0.1372745490981964,
        0.14729458917835672,
        0.14228456913827656,
        0.15030060120240482,
        0.14128256513026052,
        0.1523046092184369,
        0.1683366733466934,
        0.1683366733466934,
        0.16733466933867736,
        0.18236472945891782,
        0.18336673346693386,
        0.1813627254509018,
        0.1903807615230461,
        0.187374749498998,
        0.18637274549098196,
        0.1903807615230461,
        0.1933867735470942,
        0.2094188376753507,
        0.21743486973947895,
        0.2154308617234469,
        0.20841683366733466,
        0.20340681362725452,
        0.20440881763527055,
        0.22144288577154309,
        0.21943887775551102,
        0.22645290581162325,
        0.22444889779559118,
        0.2865731462925852,
        0.2875751503006012,
        0.2875751503006012,
        0.29158316633266534,
        0.2535070140280561,
        0.2715430861723447,
        0.2605210420841683,
        0.25851703406813625,
        0.24649298597194388,
        0.24849699398797595,
        0.24649298597194388,
        0.23346693386773548,
        0.23146292585170342,
        0.22144288577154309,
        0.21442885771543085,
        0.20240480961923848,
        0.1933867735470942,
        0.20841683366733466,
        0.19438877755511022,
        0.18336673346693386,
        0.17935871743486975,
        0.18236472945891782,
        0.18036072144288579,
        0.18236472945891782,
        0.16132264529058116,
        0.1523046092184369,
        0.1432865731462926,
        0.1533066132264529,
        0.1432865731462926,
        0.13927855711422846,
        0.15030060120240482,
        0.13026052104208416,
        0.13226452905811623,
        0.13527054108216433,
        0.12124248496993988,
        0.09719438877755511,
        0.09919839679358718,
        0.09719438877755511,
        0.10120240480961924,
        0.0841683366733467,
        0.08216432865731463,
        0.07114228456913828,
        0.07615230460921844,
        0.06913827655310621,
        0.06312625250501001,
        0.05511022044088176,
        0.052104208416833664,
        0.050100200400801605,
        0.04008016032064128,
        0.036072144288577156,
        0.033066132264529056,
        0.022044088176352707,
        0.03006012024048096,
        0.014028056112224449,
        0.01002004008016032,
        0.00501002004008016
    ]
}