{
    "avg_error_rate": 0.13835853525232283,
    "perfect_strand": 289,
    "ref_avg_error_rate": 0.11808161778101653,
    "ref_perfect_strand": 332,
    "avg_pos_error_rate_dif": 0.02140644926216068
}