{
    "avg_error_rate": 0.13099836035707782,
    "perfect_strand": 299,
    "pos_error_rate": [
        0.004008016032064128,
        0.012024048096192385,
        0.009018036072144289,
        0.017034068136272545,
        0.025050100200400802,
        0.025050100200400802,
        0.02905811623246493,
        0.03707414829659319,
        0.04208416833667335,
        0.041082164328657314,
        0.04809619238476954,
        0.05911823647294589,
        0.061122244488977955,
        0.06212424849699399,
        0.06312625250501001,
        0.06913827655310621,
        0.0781563126252505,
        0.08216432865731463,
        0.0841683366733467,
        0.08617234468937876,
        0.09018036072144289,
        0.08917835671342686,
        0.09819639278557114,
        0.10220440881763528,
        0.10721442885771543,
        0.11422845691382766,
        0.1092184368737475,
        0.11422845691382766,
        0.12324649298597194,
        0.13627254509018036,
        0.13326653306613226,
        0.1342685370741483,
        0.15130260521042085,
        0.1402805611222445,
        0.1492985971943888,
        0.13527054108216433,
        0.1653306613226453,
        0.17635270541082165,
        0.1683366733466934,
        0.1653306613226453,
        0.17835671342685372,
        0.1813627254509018,
        0.1743486973947896,
        0.18236472945891782,
        0.1963927855711423,
        0.19438877755511022,
        0.18236472945891782,
        0.19839679358717435,
        0.2094188376753507,
        0.19839679358717435,
        0.21743486973947895,
        0.22545090180360722,
        0.22344689378757515,
        0.22244488977955912,
        0.26753507014028055,
        0.24949899799599198,
        0.27655310621242485,
        0.24949899799599198,
        0.251503006012024,
        0.2595190380761523,
        0.24549098196392785,
        0.2595190380761523,
        0.25250501002004005,
        0.2535070140280561,
        0.23346693386773548,
        0.22144288577154309,
        0.21142284569138275,
        0.21442885771543085,
        0.2124248496993988,
        0.21643286573146292,
        0.1963927855711423,
        0.18637274549098196,
        0.20140280561122245,
        0.1963927855711423,
        0.1843687374749499,
        0.17334669338677355,
        0.17334669338677355,
        0.16032064128256512,
        0.16733466933867736,
        0.15831663326653306,
        0.1593186372745491,
        0.1533066132264529,
        0.156312625250501,
        0.1282565130260521,
        0.1462925851703407,
        0.1372745490981964,
        0.11923847695390781,
        0.12925851703406813,
        0.12424849699398798,
        0.10821643286573146,
        0.1062124248496994,
        0.09218436873747494,
        0.09519038076152304,
        0.07515030060120241,
        0.08216432865731463,
        0.07615230460921844,
        0.07515030060120241,
        0.07014028056112225,
        0.06212424849699399,
        0.052104208416833664,
        0.04909819639278557,
        0.04809619238476954,
        0.04008016032064128,
        0.03406813627254509,
        0.026052104208416832,
        0.02004008016032064,
        0.02004008016032064,
        0.013026052104208416,
        0.011022044088176353,
        0.00501002004008016
    ]
}