{
    "avg_error_rate": 0.13099836035707782,
    "perfect_strand": 299,
    "ref_avg_error_rate": 0.11808161778101653,
    "ref_perfect_strand": 332,
    "avg_pos_error_rate_dif": 0.015321552195299685
}