{
    "avg_error_rate": 0.13952450355255963,
    "perfect_strand": 244,
    "pos_error_rate": [
        0.004008016032064128,
        0.0070140280561122245,
        0.014028056112224449,
        0.01903807615230461,
        0.027054108216432865,
        0.03006012024048096,
        0.023046092184368736,
        0.03707414829659319,
        0.03807615230460922,
        0.045090180360721446,
        0.056112224448897796,
        0.056112224448897796,
        0.05911823647294589,
        0.061122244488977955,
        0.06012024048096192,
        0.06913827655310621,
        0.07615230460921844,
        0.07314629258517034,
        0.07715430861723446,
        0.0811623246492986,
        0.08617234468937876,
        0.08216432865731463,
        0.09819639278557114,
        0.09919839679358718,
        0.09819639278557114,
        0.11322645290581163,
        0.12124248496993988,
        0.11623246492985972,
        0.1312625250501002,
        0.125250501002004,
        0.1372745490981964,
        0.13627254509018036,
        0.14228456913827656,
        0.14729458917835672,
        0.14428857715430862,
        0.14228456913827656,
        0.14729458917835672,
        0.15731462925851702,
        0.16733466933867736,
        0.16933867735470942,
        0.1813627254509018,
        0.18837675350701402,
        0.18937875751503006,
        0.18236472945891782,
        0.18937875751503006,
        0.18837675350701402,
        0.20841683366733466,
        0.20040080160320642,
        0.21342685370741482,
        0.20741482965931865,
        0.21743486973947895,
        0.22545090180360722,
        0.22645290581162325,
        0.22645290581162325,
        0.29759519038076154,
        0.280561122244489,
        0.28857715430861725,
        0.29458917835671344,
        0.27054108216432865,
        0.26152304609218435,
        0.2725450901803607,
        0.2695390781563126,
        0.2715430861723447,
        0.27354709418837675,
        0.2625250501002004,
        0.2625250501002004,
        0.23947895791583165,
        0.251503006012024,
        0.23446893787575152,
        0.23046092184368738,
        0.24048096192384769,
        0.23346693386773548,
        0.23046092184368738,
        0.22244488977955912,
        0.218436873747495,
        0.20741482965931865,
        0.19839679358717435,
        0.18537074148296592,
        0.1903807615230461,
        0.18236472945891782,
        0.18537074148296592,
        0.17234468937875752,
        0.16633266533066132,
        0.1533066132264529,
        0.1713426853707415,
        0.1462925851703407,
        0.14428857715430862,
        0.13627254509018036,
        0.125250501002004,
        0.11823647294589178,
        0.11322645290581163,
        0.11523046092184369,
        0.08917835671342686,
        0.09018036072144289,
        0.08016032064128256,
        0.08517034068136273,
        0.07214428857715431,
        0.07114228456913828,
        0.06412825651302605,
        0.06412825651302605,
        0.050100200400801605,
        0.05410821643286573,
        0.03807615230460922,
        0.04008016032064128,
        0.03406813627254509,
        0.026052104208416832,
        0.02004008016032064,
        0.013026052104208416,
        0.01002004008016032,
        0.0070140280561122245
    ]
}