{
    "avg_error_rate": 0.12164328657314628,
    "perfect_strand": 319,
    "ref_avg_error_rate": 0.11808161778101653,
    "ref_perfect_strand": 332,
    "avg_pos_error_rate_dif": 0.017535070140280565
}