{
    "avg_error_rate": 0.12164328657314628,
    "perfect_strand": 319,
    "pos_error_rate": [
        0.006012024048096192,
        0.009018036072144289,
        0.01903807615230461,
        0.017034068136272545,
        0.02004008016032064,
        0.023046092184368736,
        0.02404809619238477,
        0.03006012024048096,
        0.02905811623246493,
        0.027054108216432865,
        0.033066132264529056,
        0.03406813627254509,
        0.03907815631262525,
        0.03907815631262525,
        0.04208416833667335,
        0.04208416833667335,
        0.052104208416833664,
        0.04809619238476954,
        0.06513026052104208,
        0.05711422845691383,
        0.06312625250501001,
        0.06613226452905811,
        0.06713426853707415,
        0.06913827655310621,
        0.0811623246492986,
        0.08316633266533066,
        0.08016032064128256,
        0.0871743486973948,
        0.10120240480961924,
        0.10721442885771543,
        0.10220440881763528,
        0.10821643286573146,
        0.125250501002004,
        0.12124248496993988,
        0.125250501002004,
        0.12324649298597194,
        0.1312625250501002,
        0.12424849699398798,
        0.13226452905811623,
        0.1462925851703407,
        0.14829659318637275,
        0.14128256513026052,
        0.1593186372745491,
        0.15831663326653306,
        0.1713426853707415,
        0.17334669338677355,
        0.187374749498998,
        0.19138276553106212,
        0.17334669338677355,
        0.17835671342685372,
        0.1963927855711423,
        0.19739478957915832,
        0.19238476953907815,
        0.20641282565130262,
        0.27354709418837675,
        0.25551102204408815,
        0.2685370741482966,
        0.2575150300601202,
        0.24949899799599198,
        0.23947895791583165,
        0.22945891783567135,
        0.24348697394789579,
        0.22144288577154309,
        0.2374749498997996,
        0.22244488977955912,
        0.23346693386773548,
        0.20741482965931865,
        0.20340681362725452,
        0.22044088176352705,
        0.20040080160320642,
        0.1963927855711423,
        0.20140280561122245,
        0.19138276553106212,
        0.187374749498998,
        0.19539078156312625,
        0.18637274549098196,
        0.18336673346693386,
        0.1683366733466934,
        0.1683366733466934,
        0.15831663326653306,
        0.17635270541082165,
        0.15430861723446893,
        0.15831663326653306,
        0.1432865731462926,
        0.15731462925851702,
        0.1342685370741483,
        0.13226452905811623,
        0.13627254509018036,
        0.11322645290581163,
        0.12424849699398798,
        0.10521042084168336,
        0.10821643286573146,
        0.1062124248496994,
        0.09418837675350701,
        0.08617234468937876,
        0.0841683366733467,
        0.0871743486973948,
        0.07214428857715431,
        0.07515030060120241,
        0.052104208416833664,
        0.05110220440881764,
        0.05110220440881764,
        0.04609218436873747,
        0.03406813627254509,
        0.03006012024048096,
        0.03406813627254509,
        0.021042084168336674,
        0.01503006012024048,
        0.009018036072144289,
        0.012024048096192385
    ]
}