{
    "avg_error_rate": 0.12748223720167606,
    "perfect_strand": 324,
    "pos_error_rate": [
        0.009018036072144289,
        0.012024048096192385,
        0.013026052104208416,
        0.02004008016032064,
        0.021042084168336674,
        0.028056112224448898,
        0.028056112224448898,
        0.04308617234468938,
        0.04609218436873747,
        0.04609218436873747,
        0.05110220440881764,
        0.05711422845691383,
        0.05811623246492986,
        0.06312625250501001,
        0.06312625250501001,
        0.06513026052104208,
        0.07214428857715431,
        0.07114228456913828,
        0.08016032064128256,
        0.08617234468937876,
        0.08617234468937876,
        0.09018036072144289,
        0.09218436873747494,
        0.09919839679358718,
        0.11723446893787576,
        0.11723446893787576,
        0.10821643286573146,
        0.12424849699398798,
        0.12224448897795591,
        0.125250501002004,
        0.13827655310621242,
        0.13326653306613226,
        0.13627254509018036,
        0.13927855711422846,
        0.1432865731462926,
        0.13026052104208416,
        0.15030060120240482,
        0.1492985971943888,
        0.15430861723446893,
        0.16132264529058116,
        0.17034068136272545,
        0.16432865731462926,
        0.17034068136272545,
        0.17034068136272545,
        0.1813627254509018,
        0.1813627254509018,
        0.18937875751503006,
        0.18537074148296592,
        0.19839679358717435,
        0.17935871743486975,
        0.20641282565130262,
        0.20641282565130262,
        0.2124248496993988,
        0.21142284569138275,
        0.2715430861723447,
        0.2374749498997996,
        0.24448897795591182,
        0.2715430861723447,
        0.23947895791583165,
        0.24148296593186372,
        0.24248496993987975,
        0.22945891783567135,
        0.23346693386773548,
        0.22344689378757515,
        0.22044088176352705,
        0.21643286573146292,
        0.21142284569138275,
        0.20040080160320642,
        0.20140280561122245,
        0.21142284569138275,
        0.18537074148296592,
        0.1933867735470942,
        0.18637274549098196,
        0.18637274549098196,
        0.1743486973947896,
        0.17735470941883769,
        0.18036072144288579,
        0.17535070140280562,
        0.1533066132264529,
        0.15731462925851702,
        0.15030060120240482,
        0.15030060120240482,
        0.14128256513026052,
        0.13326653306613226,
        0.13827655310621242,
        0.12324649298597194,
        0.12725450901803606,
        0.12224448897795591,
        0.12725450901803606,
        0.10120240480961924,
        0.10721442885771543,
        0.10420841683366733,
        0.1062124248496994,
        0.08917835671342686,
        0.09118236472945891,
        0.0841683366733467,
        0.0781563126252505,
        0.07414829659318638,
        0.06012024048096192,
        0.06312625250501001,
        0.05110220440881764,
        0.05410821643286573,
        0.04408817635270541,
        0.04008016032064128,
        0.033066132264529056,
        0.027054108216432865,
        0.027054108216432865,
        0.018036072144288578,
        0.004008016032064128,
        0.0070140280561122245
    ]
}