{
    "avg_error_rate": 0.13622699945345232,
    "perfect_strand": 277,
    "pos_error_rate": [
        0.004008016032064128,
        0.012024048096192385,
        0.01603206412825651,
        0.025050100200400802,
        0.021042084168336674,
        0.02905811623246493,
        0.033066132264529056,
        0.03807615230460922,
        0.04208416833667335,
        0.04208416833667335,
        0.05110220440881764,
        0.06012024048096192,
        0.056112224448897796,
        0.05811623246492986,
        0.07314629258517034,
        0.06513026052104208,
        0.07615230460921844,
        0.0841683366733467,
        0.08917835671342686,
        0.0871743486973948,
        0.09519038076152304,
        0.08016032064128256,
        0.09519038076152304,
        0.10320641282565131,
        0.1062124248496994,
        0.11122244488977956,
        0.11623246492985972,
        0.11523046092184369,
        0.13326653306613226,
        0.13026052104208416,
        0.13026052104208416,
        0.13827655310621242,
        0.13827655310621242,
        0.1523046092184369,
        0.14729458917835672,
        0.14829659318637275,
        0.1713426853707415,
        0.1593186372745491,
        0.16633266533066132,
        0.1713426853707415,
        0.17735470941883769,
        0.1813627254509018,
        0.19138276553106212,
        0.19238476953907815,
        0.19939879759519039,
        0.187374749498998,
        0.2094188376753507,
        0.20641282565130262,
        0.21743486973947895,
        0.20641282565130262,
        0.22444889779559118,
        0.22545090180360722,
        0.22945891783567135,
        0.23346693386773548,
        0.29158316633266534,
        0.280561122244489,
        0.28557114228456915,
        0.2755511022044088,
        0.2725450901803607,
        0.24849699398797595,
        0.250501002004008,
        0.2625250501002004,
        0.24549098196392785,
        0.23446893787575152,
        0.23547094188376755,
        0.23446893787575152,
        0.23346693386773548,
        0.22545090180360722,
        0.2124248496993988,
        0.20140280561122245,
        0.20541082164328658,
        0.19539078156312625,
        0.20340681362725452,
        0.19238476953907815,
        0.19238476953907815,
        0.17535070140280562,
        0.1713426853707415,
        0.1713426853707415,
        0.16132264529058116,
        0.16332665330661322,
        0.16132264529058116,
        0.1533066132264529,
        0.15430861723446893,
        0.14228456913827656,
        0.1492985971943888,
        0.14128256513026052,
        0.13527054108216433,
        0.14428857715430862,
        0.13326653306613226,
        0.13026052104208416,
        0.1062124248496994,
        0.11422845691382766,
        0.11222444889779559,
        0.09719438877755511,
        0.09418837675350701,
        0.09118236472945891,
        0.0841683366733467,
        0.08617234468937876,
        0.07715430861723446,
        0.06513026052104208,
        0.06312625250501001,
        0.05811623246492986,
        0.04308617234468938,
        0.03507014028056112,
        0.03507014028056112,
        0.031062124248496994,
        0.02905811623246493,
        0.017034068136272545,
        0.01503006012024048,
        0.01002004008016032
    ]
}