{
    "avg_error_rate": 0.12794680269630168,
    "perfect_strand": 317,
    "ref_avg_error_rate": 0.11808161778101653,
    "ref_perfect_strand": 332,
    "avg_pos_error_rate_dif": 0.012124248496993985
}