{
    "avg_error_rate": 0.12794680269630168,
    "perfect_strand": 317,
    "pos_error_rate": [
        0.00501002004008016,
        0.011022044088176353,
        0.012024048096192385,
        0.02004008016032064,
        0.025050100200400802,
        0.026052104208416832,
        0.028056112224448898,
        0.03206412825651302,
        0.03507014028056112,
        0.03907815631262525,
        0.04809619238476954,
        0.04408817635270541,
        0.047094188376753505,
        0.04909819639278557,
        0.05811623246492986,
        0.05811623246492986,
        0.06613226452905811,
        0.06312625250501001,
        0.08517034068136273,
        0.0811623246492986,
        0.08817635270541083,
        0.09118236472945891,
        0.10020040080160321,
        0.09418837675350701,
        0.10521042084168336,
        0.10721442885771543,
        0.11823647294589178,
        0.12224448897795591,
        0.12324649298597194,
        0.13226452905811623,
        0.1342685370741483,
        0.13026052104208416,
        0.12024048096192384,
        0.14529058116232466,
        0.13627254509018036,
        0.1402805611222445,
        0.16132264529058116,
        0.15030060120240482,
        0.15831663326653306,
        0.15531062124248496,
        0.1713426853707415,
        0.1713426853707415,
        0.18336673346693386,
        0.1713426853707415,
        0.18637274549098196,
        0.20140280561122245,
        0.20541082164328658,
        0.1933867735470942,
        0.19839679358717435,
        0.19739478957915832,
        0.22344689378757515,
        0.22745490981963928,
        0.22845691382765532,
        0.23346693386773548,
        0.24649298597194388,
        0.251503006012024,
        0.2565130260521042,
        0.2535070140280561,
        0.23647294589178355,
        0.24148296593186372,
        0.22845691382765532,
        0.23647294589178355,
        0.218436873747495,
        0.22745490981963928,
        0.2124248496993988,
        0.218436873747495,
        0.19939879759519039,
        0.19839679358717435,
        0.18837675350701402,
        0.19739478957915832,
        0.18537074148296592,
        0.18537074148296592,
        0.17635270541082165,
        0.187374749498998,
        0.1683366733466934,
        0.1683366733466934,
        0.17334669338677355,
        0.15831663326653306,
        0.1623246492985972,
        0.14829659318637275,
        0.16132264529058116,
        0.1492985971943888,
        0.1432865731462926,
        0.1342685370741483,
        0.1372745490981964,
        0.13827655310621242,
        0.12725450901803606,
        0.1342685370741483,
        0.12625250501002003,
        0.11923847695390781,
        0.1092184368737475,
        0.12124248496993988,
        0.11122244488977956,
        0.10020040080160321,
        0.09218436873747494,
        0.0841683366733467,
        0.08316633266533066,
        0.0811623246492986,
        0.07715430861723446,
        0.05911823647294589,
        0.06412825651302605,
        0.04809619238476954,
        0.04809619238476954,
        0.04408817635270541,
        0.03507014028056112,
        0.021042084168336674,
        0.025050100200400802,
        0.01603206412825651,
        0.014028056112224449,
        0.004008016032064128
    ]
}